ticker,nasdaq100,sp500
A,0,1
AAPL,1,1
ABBV,0,1
ABNB,1,1
ABT,0,1
ACGL,0,1
ACN,0,1
ADBE,1,1
ADI,1,1
ADM,0,1
ADP,1,1
ADSK,1,1
AEE,0,1
AEP,1,1
AES,0,1
AFL,0,1
AIG,0,1
AIZ,0,1
AJG,0,1
AKAM,0,1
ALB,0,1
ALGN,0,1
ALL,0,1
ALLE,0,1
ALNY,1,0
AMAT,1,1
AMCR,0,1
AMD,1,1
AME,0,1
AMGN,1,1
AMP,0,1
AMT,0,1
AMZN,1,1
ANET,0,1
AON,0,1
AOS,0,1
APA,0,1
APD,0,1
APH,0,1
APO,0,1
APP,1,1
APTV,0,1
ARE,0,1
ARES,0,1
ARM,1,0
ASML,1,0
ATO,0,1
AVB,0,1
AVGO,1,1
AVY,0,1
AWK,0,1
AXON,1,1
AXP,0,1
AZO,0,1
BA,0,1
BAC,0,1
BALL,0,1
BAX,0,1
BBY,0,1
BDX,0,1
BEN,0,1
BF.B,0,1
BG,0,1
BIIB,0,1
BK,0,1
BKNG,1,1
BKR,1,1
BLDR,0,1
BLK,0,1
BMY,0,1
BR,0,1
BRK.B,0,1
BRO,0,1
BSX,0,1
BX,0,1
BXP,0,1
C,0,1
CAG,0,1
CAH,0,1
CARR,0,1
CASY,0,1
CAT,0,1
CB,0,1
CBOE,0,1
CBRE,0,1
CCEP,1,0
CCI,0,1
CCL,0,1
CDNS,1,1
CDW,0,1
CEG,1,1
CF,0,1
CFG,0,1
CHD,0,1
CHRW,0,1
CHTR,1,1
CI,0,1
CIEN,0,1
CINF,0,1
CL,0,1
CLX,0,1
CMCSA,1,1
CME,0,1
CMG,0,1
CMI,0,1
CMS,0,1
CNC,0,1
CNP,0,1
COF,0,1
COHR,0,1
COIN,0,1
COO,0,1
COP,0,1
COR,0,1
COST,1,1
CPAY,0,1
CPB,0,1
CPRT,1,1
CPT,0,1
CRH,0,1
CRL,0,1
CRM,0,1
CRWD,1,1
CSCO,1,1
CSGP,1,1
CSX,1,1
CTAS,1,1
CTSH,1,1
CTVA,0,1
CVNA,0,1
CVS,0,1
CVX,0,1
D,0,1
DAL,0,1
DASH,1,1
DD,0,1
DDOG,1,1
DE,0,1
DECK,0,1
DELL,0,1
DG,0,1
DGX,0,1
DHI,0,1
DHR,0,1
DIS,0,1
DLR,0,1
DLTR,0,1
DOC,0,1
DOV,0,1
DOW,0,1
DPZ,0,1
DRI,0,1
DTE,0,1
DUK,0,1
DVA,0,1
DVN,0,1
DXCM,1,1
EA,1,1
EBAY,0,1
ECL,0,1
ED,0,1
EFX,0,1
EG,0,1
EIX,0,1
EL,0,1
ELV,0,1
EME,0,1
EMR,0,1
EOG,0,1
EPAM,0,1
EQIX,0,1
EQR,0,1
EQT,0,1
ERIE,0,1
ES,0,1
ESS,0,1
ETN,0,1
ETR,0,1
EVRG,0,1
EW,0,1
EXC,1,1
EXE,0,1
EXPD,0,1
EXPE,0,1
EXR,0,1
F,0,1
FANG,1,1
FAST,1,1
FCX,0,1
FDS,0,1
FDX,0,1
FE,0,1
FER,1,0
FFIV,0,1
FICO,0,1
FIS,0,1
FISV,0,1
FITB,0,1
FIX,0,1
FOX,0,1
FOXA,0,1
FRT,0,1
FSLR,0,1
FTNT,1,1
FTV,0,1
GD,0,1
GDDY,0,1
GE,0,1
GEHC,1,1
GEN,0,1
GEV,0,1
GILD,1,1
GIS,0,1
GL,0,1
GLW,0,1
GM,0,1
GNRC,0,1
GOOG,1,1
GOOGL,1,1
GPC,0,1
GPN,0,1
GRMN,0,1
GS,0,1
GWW,0,1
HAL,0,1
HAS,0,1
HBAN,0,1
HCA,0,1
HD,0,1
HIG,0,1
HII,0,1
HLT,0,1
HON,1,1
HOOD,0,1
HPE,0,1
HPQ,0,1
HRL,0,1
HSIC,0,1
HST,0,1
HSY,0,1
HUBB,0,1
HUM,0,1
HWM,0,1
IBKR,0,1
IBM,0,1
ICE,0,1
IDXX,1,1
IEX,0,1
IFF,0,1
INCY,0,1
INSM,1,0
INTC,1,1
INTU,1,1
INVH,0,1
IP,0,1
IQV,0,1
IR,0,1
IRM,0,1
ISRG,1,1
IT,0,1
ITW,0,1
IVZ,0,1
J,0,1
JBHT,0,1
JBL,0,1
JCI,0,1
JKHY,0,1
JNJ,0,1
JPM,0,1
KDP,1,1
KEY,0,1
KEYS,0,1
KHC,1,1
KIM,0,1
KKR,0,1
KLAC,1,1
KMB,0,1
KMI,0,1
KO,0,1
KR,0,1
KVUE,0,1
L,0,1
LDOS,0,1
LEN,0,1
LH,0,1
LHX,0,1
LII,0,1
LIN,1,1
LITE,0,1
LLY,0,1
LMT,0,1
LNT,0,1
LOW,0,1
LRCX,1,1
LULU,0,1
LUV,0,1
LVS,0,1
LYB,0,1
LYV,0,1
MA,0,1
MAA,0,1
MAR,1,1
MAS,0,1
MCD,0,1
MCHP,1,1
MCK,0,1
MCO,0,1
MDLZ,1,1
MDT,0,1
MELI,1,0
MET,0,1
META,1,1
MGM,0,1
MKC,0,1
MLM,0,1
MMM,0,1
MNST,1,1
MO,0,1
MOS,0,1
MPC,0,1
MPWR,1,1
MRK,0,1
MRNA,0,1
MRSH,0,1
MRVL,1,0
MS,0,1
MSCI,0,1
MSFT,1,1
MSI,0,1
MSTR,1,0
MTB,0,1
MTD,0,1
MU,1,1
NCLH,0,1
NDAQ,0,1
NDSN,0,1
NEE,0,1
NEM,0,1
NFLX,1,1
NI,0,1
NKE,0,1
NOC,0,1
NOW,0,1
NRG,0,1
NSC,0,1
NTAP,0,1
NTRS,0,1
NUE,0,1
NVDA,1,1
NVR,0,1
NWS,0,1
NWSA,0,1
NXPI,1,1
O,0,1
ODFL,1,1
OKE,0,1
OMC,0,1
ON,0,1
ORCL,0,1
ORLY,1,1
OTIS,0,1
OXY,0,1
PANW,1,1
PAYX,1,1
PCAR,1,1
PCG,0,1
PDD,1,0
PEG,0,1
PEP,1,1
PFE,0,1
PFG,0,1
PG,0,1
PGR,0,1
PH,0,1
PHM,0,1
PKG,0,1
PLD,0,1
PLTR,1,1
PM,0,1
PNC,0,1
PNR,0,1
PNW,0,1
PODD,0,1
POOL,0,1
PPG,0,1
PPL,0,1
PRU,0,1
PSA,0,1
PSKY,0,1
PSX,0,1
PTC,0,1
PWR,0,1
PYPL,1,1
Q,0,1
QCOM,1,1
RCL,0,1
REG,0,1
REGN,1,1
RF,0,1
RJF,0,1
RL,0,1
RMD,0,1
ROK,0,1
ROL,0,1
ROP,1,1
ROST,1,1
RSG,0,1
RTX,0,1
RVTY,0,1
SATS,0,1
SBAC,0,1
SBUX,1,1
SCHW,0,1
SHOP,1,0
SHW,0,1
SJM,0,1
SLB,0,1
SMCI,0,1
SNA,0,1
SNDK,1,1
SNPS,1,1
SO,0,1
SOLV,0,1
SPG,0,1
SPGI,0,1
SRE,0,1
STE,0,1
STLD,0,1
STT,0,1
STX,1,1
STZ,0,1
SW,0,1
SWK,0,1
SWKS,0,1
SYF,0,1
SYK,0,1
SYY,0,1
T,0,1
TAP,0,1
TDG,0,1
TDY,0,1
TECH,0,1
TEL,0,1
TER,0,1
TFC,0,1
TGT,0,1
TJX,0,1
TKO,0,1
TMO,0,1
TMUS,1,1
TPL,0,1
TPR,0,1
TRGP,0,1
TRI,1,0
TRMB,0,1
TROW,0,1
TRV,0,1
TSCO,0,1
TSLA,1,1
TSN,0,1
TT,0,1
TTD,0,1
TTWO,1,1
TXN,1,1
TXT,0,1
TYL,0,1
UAL,0,1
UBER,0,1
UDR,0,1
UHS,0,1
ULTA,0,1
UNH,0,1
UNP,0,1
UPS,0,1
URI,0,1
USB,0,1
V,0,1
VEEV,0,1
VICI,0,1
VLO,0,1
VLTO,0,1
VMC,0,1
VRSK,1,1
VRSN,0,1
VRT,0,1
VRTX,1,1
VST,0,1
VTR,0,1
VTRS,0,1
VZ,0,1
WAB,0,1
WAT,0,1
WBD,1,1
WDAY,1,1
WDC,1,1
WEC,0,1
WELL,0,1
WFC,0,1
WM,0,1
WMB,0,1
WMT,1,1
WRB,0,1
WSM,0,1
WST,0,1
WTW,0,1
WY,0,1
WYNN,0,1
XEL,1,1
XOM,0,1
XYL,0,1
XYZ,0,1
YUM,0,1
ZBH,0,1
ZBRA,0,1
ZS,1,0
ZTS,0,1
